Cell_Name,Area_um2,Leakage_Power_W,Input_Cap_pF,Rise_Delay_ns,Fall_Delay_ns,Avg_Delay_ns,Cell_Type,Drive_Strength,PDP,Energy_per_transition,Delay_per_Area,Power_per_Area,Normalized_Area,Normalized_Delay,Normalized_Power,Delay_Skew,Log_Area,Log_Delay,Log_Power,Area_x_Cap,Delay_x_Power,CellType_AND,CellType_AOI,CellType_BUF,CellType_CLKBUF,CellType_CLKGATE,CellType_CLKGATETST,CellType_DFF,CellType_DFFR,CellType_DFFRS,CellType_DFFS,CellType_DLH,CellType_DLL,CellType_FA,CellType_HA,CellType_INV,CellType_MUX,CellType_NAND,CellType_NOR,CellType_OAI,CellType_OR,CellType_SDFF,CellType_SDFFR,CellType_SDFFRS,CellType_SDFFS,CellType_TBUF,CellType_TINV,CellType_TLAT,CellType_XNOR,CellType_XOR
AND2_X1,1.064,25.066064,0.918145,0.0229273,0.0217822,0.02235475,AND,1.0,0.560345594204,0.4590725,0.021010103383458646,23.558330827067667,4.0,5.448929275251395,inf,0.0011450999999999996,0.026941627959029855,-1.6506301826166672,1.3990861441982752,0.97690628,0.560345594204,True,False,False,False,False,False,False,False,False,False,False,False,False,False,False,False,False,False,False,False,False,False,False,False,False,False,False,False,False
AND2_X2,1.33,50.35316,1.656515,0.0214822,0.0202727,0.02087745,AND,2.0,1.051245580242,0.8282575,0.015697330827067667,37.85951879699248,5.0,5.088840112172904,inf,0.0012094999999999988,0.12385164096708617,-1.6803225477463293,1.7020267306493024,2.20316495,1.051245580242,True,False,False,False,False,False,False,False,False,False,False,False,False,False,False,False,False,False,False,False,False,False,False,False,False,False,False,False,False
AND2_X4,2.394,100.706457,3.195354,0.020722,0.0196696,0.0201958,AND,4.0,2.0338474642806,1.597677,0.008436006683375104,42.06618922305764,9.0,4.922689175997142,inf,0.001052400000000002,0.379124146070392,-1.6947389387948337,2.00305731712331,7.649677476000001,2.0338474642806,True,False,False,False,False,False,False,False,False,False,False,False,False,False,False,False,False,False,False,False,False,False,False,False,False,False,False,False,False
AND3_X1,1.33,26.48146,0.879747,0.0320842,0.0237083,0.02789625,AND,1.0,0.738733428525,0.4398735,0.020974624060150375,19.910872180451126,5.0,6.799659727562676,inf,0.008375899999999999,0.12385164096708617,-1.5544541735638837,1.4229419253471258,1.17006351,0.738733428525,True,False,False,False,False,False,False,False,False,False,False,False,False,False,False,False,False,False,False,False,False,False,False,False,False,False,False,False,False
AND3_X2,1.596,53.19027,1.599415,0.0301396,0.0221392,0.0261394,AND,2.0,1.390361743638,0.7997075,0.016378070175438596,33.32723684210526,6.0,6.371430765162049,inf,0.008000399999999998,0.20303288701471095,-1.5827043853736575,1.7258321948555022,2.55266634,1.390361743638,True,False,False,False,False,False,False,False,False,False,False,False,False,False,False,False,False,False,False,False,False,False,False,False,False,False,False,False,False
AND3_X4,2.926,106.380663,3.085124,0.0288983,0.0213808,0.025139549999999997,AND,4.0,2.6743619965216494,1.542562,0.008591780587833218,36.35702768284347,11.0,6.127719163115051,inf,0.0075175,0.4662743217892922,-1.5996425004871948,2.026862692661984,9.027072824000001,2.6743619965216494,True,False,False,False,False,False,False,False,False,False,False,False,False,False,False,False,False,False,False,False,False,False,False,False,False,False,False,False,False
AND4_X1,1.596,27.024804,0.856528,0.0418677,0.0254221,0.0336449,AND,1.0,0.9092468280995999,0.428264,0.021080764411027568,16.932834586466164,6.0,8.200882612102825,inf,0.0164456,0.20303288701471095,-1.4730807581775882,1.431762552874113,1.367018688,0.9092468280995999,True,False,False,False,False,False,False,False,False,False,False,False,False,False,False,False,False,False,False,False,False,False,False,False,False,False,False,False,False
AND4_X2,1.862,54.274743,1.550933,0.0386066,0.0233395,0.03097305,AND,2.0,1.68105432867615,0.7754665,0.016634291084854994,29.148626745435013,7.0,7.54962407939365,inf,0.015267099999999999,0.2699796766453241,-1.5090160263852308,1.7345977756742033,2.887837246,1.68105432867615,True,False,False,False,False,False,False,False,False,False,False,False,False,False,False,False,False,False,False,False,False,False,False,False,False,False,False,False,False
AND4_X4,3.458,108.54959,3.014616,0.0368721,0.0224662,0.02966915,AND,4.0,3.2205740681485,1.507308,0.008579858299595141,31.39085887796414,13.0,7.231800847999862,inf,0.0144059,0.5388249889379039,-1.5276948957322678,2.035628187430477,10.424542128,3.2205740681485,True,False,False,False,False,False,False,False,False,False,False,False,False,False,False,False,False,False,False,False,False,False,False,False,False,False,False,False,False
AOI21_X1,1.064,27.858395,1.626352,0.020585,0.006955,0.01377,AOI,1.0,0.38361009915,0.813176,0.01294172932330827,26.182702067669172,4.0,3.3564122220204524,inf,0.01363,0.026941627959029855,-1.8610660597430448,1.4449560918897266,1.730438528,0.38361009915,False,True,False,False,False,False,False,False,False,False,False,False,False,False,False,False,False,False,False,False,False,False,False,False,False,False,False,False,False
AOI21_X2,1.862,55.71672,3.136406,0.019366,0.006646,0.013006,AOI,2.0,0.7246516603200001,1.568203,0.0069849624060150375,29.923050483351236,7.0,3.1701886245169213,inf,0.012720000000000002,0.2699796766453241,-1.885856250328087,1.745985541925849,5.839987972,0.7246516603200001,False,True,False,False,False,False,False,False,False,False,False,False,False,False,False,False,False,False,False,False,False,False,False,False,False,False,False,False,False
AOI21_X4,3.458,111.433338,6.139254,0.01948,0.006689,0.0130845,AOI,4.0,1.4580495110610001,3.069627,0.0037838345864661654,32.2247941006362,13.0,3.189322855412245,inf,0.012791,0.5388249889379039,-1.8832428684684568,2.04701514006053,21.229540332000003,1.4580495110610001,False,True,False,False,False,False,False,False,False,False,False,False,False,False,False,False,False,False,False,False,False,False,False,False,False,False,False,False,False
AOI22_X1,1.33,32.611944,1.687512,0.012502,0.007714,0.010107999999999999,AOI,1.0,0.32964152995199997,0.843756,0.007599999999999999,24.52025864661654,5.0,2.4638064444577146,inf,0.004787999999999999,0.12385164096708617,-1.99533476675208,1.513376687898532,2.24439096,0.32964152995199997,False,True,False,False,False,False,False,False,False,False,False,False,False,False,False,False,False,False,False,False,False,False,False,False,False,False,False,False,False
AOI22_X2,2.394,65.223838,3.147425,0.011949,0.007432,0.0096905,AOI,2.0,0.632051602139,1.5737125,0.004047827903091061,27.244710944026732,9.0,2.362041585874306,inf,0.004516999999999999,0.379124146070392,-2.0136538141113376,1.8144063506364476,7.534935450000001,0.632051602139,False,True,False,False,False,False,False,False,False,False,False,False,False,False,False,False,False,False,False,False,False,False,False,False,False,False,False,False,False
AOI22_X4,4.522,130.447551,6.418618,0.011709,0.007256,0.009482500000000001,AOI,4.0,1.2369689023575001,3.209309,0.0020969703670942062,28.847313356921717,17.0,2.311341967705806,inf,0.004453,0.655330558009341,-2.023077148625126,2.1154359301424877,29.024990596000002,1.2369689023575001,False,True,False,False,False,False,False,False,False,False,False,False,False,False,False,False,False,False,False,False,False,False,False,False,False,False,False,False,False
AOI211_X1,1.33,34.565711,1.620338,0.041896,0.007642,0.024769000000000003,AOI,1.0,0.8561580957590001,0.810169,0.018623308270676694,25.98925639097744,5.0,6.037398280844197,inf,0.034254,0.12385164096708617,-1.6060915268517184,1.538645494538309,2.1550495400000003,0.8561580957590001,False,True,False,False,False,False,False,False,False,False,False,False,False,False,False,False,False,False,False,False,False,False,False,False,False,False,False,False,False
AOI211_X2,2.394,69.131362,3.11422,0.040701,0.007417,0.024059,AOI,2.0,1.663231438358,1.55711,0.010049707602339182,28.87692648287385,9.0,5.864337084211334,inf,0.033284,0.379124146070392,-1.6187224278484997,1.8396751132726759,7.45544268,1.663231438358,False,True,False,False,False,False,False,False,False,False,False,False,False,False,False,False,False,False,False,False,False,False,False,False,False,False,False,False,False
AOI211_X4,2.926,126.001026,1.668945,0.088431,0.034256,0.061343499999999995,AOI,4.0,7.729343938430999,0.8344725,0.020964969241285027,43.062551606288444,11.0,14.952365514997211,inf,0.054174999999999994,0.4662743217892922,-1.2122314486449741,2.100374081501089,4.88333307,7.729343938430999,False,True,False,False,False,False,False,False,False,False,False,False,False,False,False,False,False,False,False,False,False,False,False,False,False,False,False,False,False
AOI221_X1,1.596,41.741212,1.67753,0.029578,0.00745,0.018514,AOI,1.0,0.7727967989679999,0.838765,0.011600250626566415,26.153641604010023,6.0,4.5127535133251016,inf,0.022128000000000002,0.20303288701471095,-1.732499740606711,1.620565055109651,2.67733788,0.7727967989679999,False,True,False,False,False,False,False,False,False,False,False,False,False,False,False,False,False,False,False,False,False,False,False,False,False,False,False,False,False
AOI221_X2,2.926,83.482383,3.504692,0.029026,0.007261,0.0181435,AOI,2.0,1.5146626159605,1.752346,0.006200786056049214,28.531231373889266,11.0,4.42244481846246,inf,0.021765,0.4662743217892922,-1.7412789309437444,1.9215948374822918,10.254728792,1.5146626159605,False,True,False,False,False,False,False,False,False,False,False,False,False,False,False,False,False,False,False,False,False,False,False,False,False,False,False,False,False
AOI221_X4,3.458,131.584293,1.649091,0.070662,0.033314,0.051988000000000006,AOI,4.0,6.840804224484001,0.8245455,0.015034123770965878,38.05213794100636,13.0,12.671979564153908,inf,0.037348,0.5388249889379039,-1.2840968897345422,2.119204051355866,5.7025566780000005,6.840804224484001,False,True,False,False,False,False,False,False,False,False,False,False,False,False,False,False,False,False,False,False,False,False,False,False,False,False,False,False,False
AOI222_X1,2.128,47.398844,1.636678,0.016709,0.008528,0.012618500000000001,AOI,1.0,0.598102313014,0.818339,0.005929746240601504,22.273892857142854,8.0,3.075736210861662,inf,0.008181,0.3279716236230108,-1.8989922679476952,1.6757677498904742,3.4828507840000005,0.598102313014,False,True,False,False,False,False,False,False,False,False,False,False,False,False,False,False,False,False,False,False,False,False,False,False,False,False,False,False,False
AOI222_X2,3.724,94.797579,3.164179,0.016344,0.008362,0.012353,AOI,2.0,1.1710344933869998,1.5820895,0.003317132116004296,25.45584828141783,14.0,3.0110210732475418,inf,0.007982000000000001,0.5710096723093051,-1.9082275585802821,1.976797246194959,11.783402596,1.1710344933869998,False,True,False,False,False,False,False,False,False,False,False,False,False,False,False,False,False,False,False,False,False,False,False,False,False,False,False,False,False
AOI222_X4,3.724,134.853561,1.596468,0.056688,0.03877,0.047729,AOI,4.0,6.436425612969001,0.798234,0.012816595059076261,36.212019602577875,14.0,11.633856132521,inf,0.017918000000000003,0.5710096723093051,-1.321217664712554,2.1298624191035618,5.9452468320000005,6.436425612969001,False,True,False,False,False,False,False,False,False,False,False,False,False,False,False,False,False,False,False,False,False,False,False,False,False,False,False,False,False
BUF_X1,0.798,21.438247,0.974659,0.0150655,0.0201865,0.017626,BUF,1.0,0.377870541622,0.4873295,0.02208771929824561,26.864971177944863,3.0,4.296305143451888,inf,0.005120999999999999,-0.09799710864927001,-1.7538462342138748,1.331189270323329,0.7777778820000001,0.377870541622,False,False,True,False,False,False,False,False,False,False,False,False,False,False,False,False,False,False,False,False,False,False,False,False,False,False,False,False,False
BUF_X2,1.064,43.06082,1.779209,0.0141067,0.0187474,0.01642705,BUF,2.0,0.7073622431809999,0.8896045,0.01543895676691729,40.4706954887218,4.0,4.004063281898407,inf,0.004640700000000001,0.026941627959029855,-1.784440420968567,1.6340822957634638,1.893078376,0.7073622431809999,False,False,True,False,False,False,False,False,False,False,False,False,False,False,False,False,False,False,False,False,False,False,False,False,False,False,False,False,False
BUF_X4,1.862,86.121805,3.401892,0.0133259,0.0177123,0.015519100000000001,BUF,4.0,1.3365329039755,1.700946,0.008334640171858218,46.25231203007518,7.0,3.7827521361479746,inf,0.0043864,0.2699796766453241,-1.8091334684107419,1.935113123489176,6.334322904,1.3365329039755,False,False,True,False,False,False,False,False,False,False,False,False,False,False,False,False,False,False,False,False,False,False,False,False,False,False,False,False,False
BUF_X8,3.458,172.244545,6.585178,0.0136865,0.0180211,0.0158538,BUF,8.0,2.730730567521,3.292589,0.004584673221515327,49.81045257374204,13.0,3.8643346467296915,inf,0.004334600000000001,0.5388249889379039,-1.7998666248510726,2.2361454766527387,22.771545524,2.730730567521,False,False,True,False,False,False,False,False,False,False,False,False,False,False,False,False,False,False,False,False,False,False,False,False,False,False,False,False,False
BUF_X16,6.65,344.4881,12.410827,0.0141412,0.0185573,0.01634925,BUF,16.0,5.632122068924999,6.2054135,0.002458533834586466,51.80272180451127,25.0,3.9850996747180742,inf,0.004416099999999999,0.8228216453031046,-1.7865021652258286,2.5371742242303004,82.53199955,5.632122068924999,False,False,True,False,False,False,False,False,False,False,False,False,False,False,False,False,False,False,False,False,False,False,False,False,False,False,False,False,False
BUF_X32,13.034,688.9762,26.703923,0.0138626,0.0181303,0.01599645,BUF,32.0,11.021173334489998,13.3519615,0.0012272863280650605,52.85992020868497,49.0,3.8991053223630403,inf,0.004267699999999999,1.1150777166595807,-1.7959763871236383,2.838204219894281,348.058932382,11.021173334489998,False,False,True,False,False,False,False,False,False,False,False,False,False,False,False,False,False,False,False,False,False,False,False,False,False,False,False,False,False
CLKBUF_X1,0.798,11.214093,0.77983,0.0214097,0.0208888,0.02114925,CLKBUF,1.0,0.23716965638025,0.389915,0.02650281954887218,14.052748120300752,3.0,5.155090863221936,inf,0.0005209000000000012,-0.09799710864927001,-1.674705029075526,1.049764153440676,0.62230434,0.23716965638025,False,False,False,True,False,False,False,False,False,False,False,False,False,False,False,False,False,False,False,False,False,False,False,False,False,False,False,False,False
CLKBUF_X2,1.064,22.91762,1.405914,0.0188868,0.0192545,0.01907065,CLKBUF,2.0,0.437053909853,0.702957,0.017923543233082706,21.539116541353383,4.0,4.64843592896691,inf,0.00036770000000000205,0.026941627959029855,-1.7196345043004633,1.3601695140573091,1.4958924960000002,0.437053909853,False,False,False,True,False,False,False,False,False,False,False,False,False,False,False,False,False,False,False,False,False,False,False,False,False,False,False,False,False
CLKBUF_X3,1.33,30.558215,1.421162,0.0217369,0.0224011,0.022069,CLKBUF,3.0,0.674389246835,0.710581,0.016593233082706764,22.9761015037594,5.0,5.379278237310774,inf,0.0006642000000000002,0.12385164096708617,-1.6562173453304514,1.4851279821585237,1.89014546,0.674389246835,False,False,False,True,False,False,False,False,False,False,False,False,False,False,False,False,False,False,False,False,False,False,False,False,False,False,False,False,False
CLKGATETST_X1,3.99,59.137918,1.8122,0.018852,0.022379,0.020615500000000002,CLKGATETST,1.0,1.2191577485290002,0.9061,0.005166791979949875,14.821533333333333,15.0,5.0249902805419495,inf,0.003526999999999999,0.6009728956867484,-1.685806127532132,1.7718660307577736,7.230678,1.2191577485290002,False,False,False,False,False,True,False,False,False,False,False,False,False,False,False,False,False,False,False,False,False,False,False,False,False,False,False,False,False
CLKGATETST_X2,4.256,78.027946,2.818591,0.017729,0.020923,0.019326000000000003,CLKGATETST,2.0,1.5079680843960002,1.4092955,0.004540883458646617,18.333633928571427,16.0,4.710677022713673,inf,0.003193999999999999,0.6290016192869918,-1.7138580247966424,1.8922501747406444,11.995923296,1.5079680843960002,False,False,False,False,False,True,False,False,False,False,False,False,False,False,False,False,False,False,False,False,False,False,False,False,False,False,False,False,False
CLKGATETST_X4,5.32,126.648876,4.438941,0.020158,0.022729,0.021443499999999997,CLKGATETST,4.0,2.7157951725059997,2.2194705,0.004030733082706766,23.80617969924812,20.0,5.226813760558865,inf,0.0025710000000000004,0.7259116322950483,-1.6687043278117804,2.102601339810232,23.61516612,2.7157951725059997,False,False,False,False,False,True,False,False,False,False,False,False,False,False,False,False,False,False,False,False,False,False,False,False,False,False,False,False,False
CLKGATETST_X8,7.714,220.271011,7.959177,0.020948,0.023157,0.022052500000000003,CLKGATETST,8.0,4.8575264700775005,3.9795885,0.002858763287529168,28.554707155820584,29.0,5.375256392600293,inf,0.002208999999999999,0.8872796345300231,-1.656542169250103,2.3429573451256016,61.397091378000006,4.8575264700775005,False,False,False,False,False,True,False,False,False,False,False,False,False,False,False,False,False,False,False,False,False,False,False,False,False,False,False,False,False
CLKGATE_X1,3.458,48.64726,1.837892,0.019115,0.022752,0.0209335,CLKGATE,1.0,1.01835741721,0.918946,0.006053643724696356,14.068033545401967,13.0,5.10250219678033,inf,0.0036370000000000013,0.5388249889379039,-1.6791581532375965,1.687058384164668,6.355430536000001,1.01835741721,False,False,False,False,True,False,False,False,False,False,False,False,False,False,False,False,False,False,False,False,False,False,False,False,False,False,False,False,False
CLKGATE_X2,3.724,66.637175,2.562124,0.018491,0.021921,0.020206000000000002,CLKGATE,2.0,1.3464707580500002,1.281062,0.005425886143931257,17.893978249194415,14.0,4.925175407272714,inf,0.003429999999999999,0.5710096723093051,-1.6945196513467728,1.823716577415582,9.541349776,1.3464707580500002,False,False,False,False,True,False,False,False,False,False,False,False,False,False,False,False,False,False,False,False,False,False,False,False,False,False,False,False,False
CLKGATE_X4,4.522,109.65183,4.253856,0.017746,0.021096,0.019421,CLKGATE,4.0,2.12954819043,2.126928,0.004294781070322866,24.248524988942947,17.0,4.733833098319478,inf,0.003349999999999999,0.655330558009341,-1.7117284117451566,2.040015884096259,19.235936832,2.12954819043,False,False,False,False,True,False,False,False,False,False,False,False,False,False,False,False,False,False,False,False,False,False,False,False,False,False,False,False,False
CLKGATE_X8,6.916,197.707057,7.654296,0.017788,0.021193,0.0194905,CLKGATE,8.0,3.8534093944585,3.827148,0.0028181752458068246,28.586908183921338,26.0,4.750773595736357,inf,0.0034049999999999983,0.839854984601885,-1.7101770195557462,2.2960221713949065,52.937111136000006,3.8534093944585,False,False,False,False,True,False,False,False,False,False,False,False,False,False,False,False,False,False,False,False,False,False,False,False,False,False,False,False,False
DFFRS_X1,6.384,100.161505,1.148034,0.0745793,0.0817387,0.078159,DFFRS,1.0,7.828523069295001,0.574017,0.012242951127819549,15.689458803258145,24.0,19.05111277130694,inf,0.007159399999999996,0.8050928783426731,-1.1070210058048888,2.000700841508175,7.329049056000001,7.828523069295001,False,False,False,False,False,False,False,False,True,False,False,False,False,False,False,False,False,False,False,False,False,False,False,False,False,False,False,False,False
DFFRS_X2,6.916,142.302832,1.162239,0.0804108,0.080743,0.0805769,DFFRS,2.0,11.4663210637808,0.5811195,0.011650795257374206,20.57588663967611,26.0,19.640471457699334,inf,0.00033219999999999084,0.839854984601885,-1.0937894450487975,2.1532135431604207,8.038044924000001,11.4663210637808,False,False,False,False,False,False,False,False,True,False,False,False,False,False,False,False,False,False,False,False,False,False,False,False,False,False,False,False,False
DFFR_X1,5.32,86.21278,1.128277,0.0960203,0.0819959,0.0890081,DFFR,1.0,7.673635743518,0.5641385,0.016730845864661656,16.205409774436088,20.0,21.695560980306364,inf,0.014024400000000006,0.7259116322950483,-1.0505704694760472,1.9355716494915023,6.0024336400000005,7.673635743518,False,False,False,False,False,False,False,True,False,False,False,False,False,False,False,False,False,False,False,False,False,False,False,False,False,False,False,False,False
DFFR_X2,5.852,125.988288,1.12837,0.125381,0.0922473,0.10881415,DFFR,2.0,13.7093084686752,0.564185,0.018594352358168146,21.5290991114149,22.0,26.523249309278636,inf,0.03313369999999999,0.7673043174532733,-0.9633146260777082,2.1003301745351357,6.603221240000001,13.7093084686752,False,False,False,False,False,False,False,True,False,False,False,False,False,False,False,False,False,False,False,False,False,False,False,False,False,False,False,False,False
DFFS_X1,5.32,84.395957,1.163714,0.0849651,0.0788474,0.08190625,DFFS,1.0,6.91255635303125,0.581857,0.015395911654135338,15.863901691729321,20.0,19.964498079873835,inf,0.006117700000000004,0.7259116322950483,-1.0866829573733001,1.9263216421867113,6.19095848,6.91255635303125,False,False,False,False,False,False,False,False,False,True,False,False,False,False,False,False,False,False,False,False,False,False,False,False,False,False,False,False,False
DFFS_X2,5.586,121.107028,1.163041,0.114176,0.0903924,0.10228419999999999,DFFS,2.0,12.387335473357599,0.5815205,0.018310812746151088,21.680456140350877,21.0,24.931585983993052,inf,0.023783600000000002,0.7471009313649863,-0.9901914472533033,2.0831693465539103,6.496747026,12.387335473357599,False,False,False,False,False,False,False,False,False,True,False,False,False,False,False,False,False,False,False,False,False,False,False,False,False,False,False,False,False
DFF_X1,4.522,79.112308,1.14029,0.082812,0.0766596,0.0797358,DFF,1.0,6.3080831682264,0.570145,0.017632861565678903,17.49498186643078,17.0,19.435454876730457,inf,0.006152400000000002,0.655330558009341,-1.0983466440794725,1.8982440546817598,5.1563913800000005,6.3080831682264,False,False,False,False,False,False,True,False,False,False,False,False,False,False,False,False,False,False,False,False,False,False,False,False,False,False,False,False,False
DFF_X2,5.054,115.10367,1.1276,0.112225,0.0885477,0.10038635,DFF,2.0,11.554837302904499,0.5638,0.019862752275425406,22.774766521567074,19.0,24.468988530430128,inf,0.023677300000000012,0.703635237583896,-0.9983253362218393,2.0610891710263055,5.6988904,11.554837302904499,False,False,False,False,False,False,True,False,False,False,False,False,False,False,False,False,False,False,False,False,False,False,False,False,False,False,False,False,False
DLH_X1,2.66,40.86324,0.914139,0.0290396,0.0514993,0.04026945,DLH,1.0,1.645540200018,0.4570695,0.015138890977443607,15.362120300751878,10.0,9.815604513728504,inf,0.0224597,0.42488163663106715,-1.395024301944488,1.6113327983790438,2.4316097400000003,1.645540200018,False,False,False,False,False,False,False,False,False,False,True,False,False,False,False,False,False,False,False,False,False,False,False,False,False,False,False,False,False
DLH_X2,2.926,57.430452,1.161008,0.0315547,0.0565827,0.0440687,DLH,2.0,2.5308853600524004,0.580504,0.015061073137388926,19.627632262474368,11.0,10.741664726837525,inf,0.025028,0.4662743217892922,-1.3558697607256922,1.759142234361148,3.3971094080000004,2.5308853600524004,False,False,False,False,False,False,False,False,False,False,True,False,False,False,False,False,False,False,False,False,False,False,False,False,False,False,False,False,False
DLL_X1,2.66,40.863416,0.883012,0.0291029,0.0506274,0.03986515,DLL,1.0,1.6290262083524,0.441506,0.014986898496240601,15.362186466165413,10.0,9.717057130913481,inf,0.021524500000000002,0.42488163663106715,-1.3994065974542271,1.6113346689028742,2.34881192,1.6290262083524,False,False,False,False,False,False,False,False,False,False,False,True,False,False,False,False,False,False,False,False,False,False,False,False,False,False,False,False,False
DLL_X2,2.926,57.430445,1.130534,0.030714,0.0549041,0.04280905,DLL,2.0,2.45854279152725,0.565267,0.01463057074504443,19.62762987012987,11.0,10.434627351712756,inf,0.024190099999999996,0.4662743217892922,-1.3684644097348388,1.759142181426486,3.307942484,2.45854279152725,False,False,False,False,False,False,False,False,False,False,False,True,False,False,False,False,False,False,False,False,False,False,False,False,False,False,False,False,False
FA_X1,4.256,75.762253,3.745709,0.03316,0.06546,0.04931000000000001,FA,1.0,3.7358366954300006,1.8728545,0.011585996240601505,17.80128125,16.0,12.01922198023446,inf,0.0323,0.6290016192869918,-1.3070649974688535,1.879452881134062,15.941737504000002,3.7358366954300006,False,False,False,False,False,False,False,False,False,False,False,False,True,False,False,False,False,False,False,False,False,False,False,False,False,False,False,False,False
HA_X1,2.66,61.229735,3.185865,0.0223428,0.0212368,0.021789799999999998,HA,1.0,1.3341836797029998,1.5929325,0.008191654135338344,23.01869736842105,10.0,5.311223749846133,inf,0.0011059999999999993,0.42488163663106715,-1.6617467559535868,1.786962379829547,8.474400900000001,1.3341836797029998,False,False,False,False,False,False,False,False,False,False,False,False,False,True,False,False,False,False,False,False,False,False,False,False,False,False,False,False,False
INV_X1,0.532,14.353185,1.70023,0.00558495,0.00334769,0.00446632,INV,1.0,0.0641059172292,0.850115,0.008395338345864662,26.979671052631577,2.0,1.0886573010497014,inf,0.00223726,-0.274088367704951,-2.350050164100238,1.1569482825642976,0.90452236,0.0641059172292,False,False,False,False,False,False,False,False,False,False,False,False,False,False,True,False,False,False,False,False,False,False,False,False,False,False,False,False,False
INV_X2,0.798,28.706376,3.250891,0.0052963,0.00323762,0.00426696,INV,2.0,0.12248895813696,1.6254455,0.005347067669172932,35.97290225563909,3.0,1.0400636670205077,inf,0.0020586800000000002,-0.09799710864927001,-2.3698814283523744,1.4579783690013934,2.594211018,0.12248895813696,False,False,False,False,False,False,False,False,False,False,False,False,False,False,True,False,False,False,False,False,False,False,False,False,False,False,False,False,False
INV_X4,1.33,57.41285,6.258425,0.00515924,0.00326337,0.004211305,INV,4.0,0.24178302226925,3.1292125,0.0031663947368421055,43.16755639097744,5.0,1.0264978629379697,inf,0.00189587,0.12385164096708617,-2.3755833040509633,1.7590091059784352,8.32370525,0.24178302226925,False,False,False,False,False,False,False,False,False,False,False,False,False,False,True,False,False,False,False,False,False,False,False,False,False,False,False,False,False
INV_X8,2.394,114.826305,11.810652,0.00568932,0.00381157,0.004750445,INV,8.0,0.545476046455725,5.905326,0.0019843128654970757,47.96420426065163,9.0,1.1579122482233803,inf,0.0018777500000000005,0.379124146070392,-2.3232657057450927,2.0600413898711785,28.274700887999998,0.545476046455725,False,False,False,False,False,False,False,False,False,False,False,False,False,False,True,False,False,False,False,False,False,False,False,False,False,False,False,False,False
INV_X16,4.522,229.651455,25.228138,0.00501662,0.00318857,0.0041025950000000005,INV,16.0,0.9421669110257251,12.614069,0.0009072523219814243,50.7853726227333,17.0,1.0,inf,0.0018280500000000003,0.655330558009341,-2.386941353602468,2.3610692013170573,114.08164003600001,0.9421669110257251,False,False,False,False,False,False,False,False,False,False,False,False,False,False,True,False,False,False,False,False,False,False,False,False,False,False,False,False,False
INV_X32,8.778,459.3028,49.191468,0.0052324,0.00337003,0.004301215,INV,32.0,1.9755600929019999,24.595734,0.0004899994303941672,52.324310776942355,33.0,1.0484132603876326,inf,0.00186237,0.9433955765089546,-2.366408848313071,2.662099092970379,431.80270610400004,1.9755600929019999,False,False,False,False,False,False,False,False,False,False,False,False,False,False,True,False,False,False,False,False,False,False,False,False,False,False,False,False,False
MUX2_X1,1.862,35.92839,0.94642,0.028946,0.050207,0.0395765,MUX,2.0,1.421919926835,0.47321,0.021254833512352307,19.295590762620837,7.0,9.646699223296473,inf,0.021261000000000002,0.2699796766453241,-1.40256261583698,1.5554377563145299,1.76223404,1.421919926835,False,False,False,False,False,False,False,False,False,False,False,False,False,False,False,True,False,False,False,False,False,False,False,False,False,False,False,False,False
MUX2_X2,2.394,68.648566,1.592289,0.029511,0.040439,0.034975,MUX,2.0,2.40098359585,0.7961445,0.014609440267335003,28.67525730994152,9.0,8.525092045400532,inf,0.010928000000000004,0.379124146070392,-1.4562422768361223,1.8366314696894293,3.8119398660000003,2.40098359585,False,False,False,False,False,False,False,False,False,False,False,False,False,False,False,True,False,False,False,False,False,False,False,False,False,False,False,False,False
NAND2_X1,0.798,17.39336,1.599032,0.0074307,0.0068309,0.0071308,NAND,1.0,0.124028571488,0.799516,0.008935839598997493,21.79619047619048,3.0,1.7381194097881947,inf,0.0005998000000000002,-0.09799710864927001,-2.146861744187975,1.2403834858845533,1.2760275360000002,0.124028571488,False,False,False,False,False,False,False,False,False,False,False,False,False,False,False,False,True,False,False,False,False,False,False,False,False,False,False,False,False
NAND2_X2,1.33,34.78663,3.053103,0.00712117,0.00656271,0.0068419399999999995,NAND,2.0,0.2380080352622,1.5265515,0.0051443157894736835,26.15536090225564,5.0,1.6677103150566894,inf,0.0005584599999999993,0.12385164096708617,-2.1648207386547176,1.541412357942919,4.06062699,0.2380080352622,False,False,False,False,False,False,False,False,False,False,False,False,False,False,False,False,True,False,False,False,False,False,False,False,False,False,False,False,False
NAND2_X4,2.394,69.57324,5.954965,0.00662973,0.00616709,0.00639841,NAND,4.0,0.4451581145484,2.9774825,0.0026726858813700917,29.061503759398494,9.0,1.55960069175729,inf,0.0004626400000000003,0.379124146070392,-2.1939279344561995,1.8424422287616524,14.25618621,0.4451581145484,False,False,False,False,False,False,False,False,False,False,False,False,False,False,False,False,True,False,False,False,False,False,False,False,False,False,False,False,False
NAND3_X1,1.064,18.104768,1.590286,0.00871018,0.010627,0.00966859,NAND,1.0,0.17504757883712,0.795143,0.009087020676691728,17.01575939849624,4.0,2.356701063595114,inf,0.0019168199999999996,0.026941627959029855,-2.0146368557895626,1.2577929640071945,1.692064304,0.17504757883712,False,False,False,False,False,False,False,False,False,False,False,False,False,False,False,False,True,False,False,False,False,False,False,False,False,False,False,False,False
NAND3_X2,1.862,36.209558,2.977805,0.00873033,0.0106314,0.009680865,NAND,2.0,0.35053984270767,1.4889025,0.005199175617615467,19.446593984962405,7.0,2.359693072311549,inf,0.0019010699999999995,0.2699796766453241,-2.014085836085855,1.5588232235374595,5.54467291,0.35053984270767,False,False,False,False,False,False,False,False,False,False,False,False,False,False,False,False,True,False,False,False,False,False,False,False,False,False,False,False,False
NAND3_X4,3.458,72.419123,6.251026,0.00836388,0.0102029,0.00928339,NAND,4.0,0.67229496226697,3.125513,0.0026846124927703877,20.94248785425101,13.0,2.2628092707176797,inf,0.0018390200000000002,0.5388249889379039,-2.032293404228303,1.8598532611801528,21.616047908000002,0.67229496226697,False,False,False,False,False,False,False,False,False,False,False,False,False,False,False,False,True,False,False,False,False,False,False,False,False,False,False,False,False
NAND4_X1,1.33,18.126843,1.522092,0.010334,0.0155892,0.0129616,NAND,1.0,0.2349528882288,0.761046,0.009745563909774435,13.629205263157894,5.0,3.1593662060232606,inf,0.0052552,0.12385164096708617,-1.8873413851720824,1.2583221732589887,2.02438236,0.2349528882288,False,False,False,False,False,False,False,False,False,False,False,False,False,False,False,False,True,False,False,False,False,False,False,False,False,False,False,False,False
NAND4_X2,2.394,36.253723,2.922235,0.0105033,0.0157711,0.0131372,NAND,2.0,0.4762724097956,1.4611175,0.005487552213868003,15.1435768588137,9.0,3.20216838366936,inf,0.0052677999999999996,0.379124146070392,-1.8814971883628833,1.5593526121575592,6.995830590000001,0.4762724097956,False,False,False,False,False,False,False,False,False,False,False,False,False,False,False,False,True,False,False,False,False,False,False,False,False,False,False,False,False
NAND4_X4,4.788,72.506878,5.652047,0.00955836,0.0140539,0.01180613,NAND,4.0,0.85602562756214,2.8260235,0.0024657748538011695,15.143458228905597,18.0,2.877722514652311,inf,0.004495539999999999,0.6801541417343732,-1.927892438972503,1.860379205684994,27.062001035999998,0.85602562756214,False,False,False,False,False,False,False,False,False,False,False,False,False,False,False,False,True,False,False,False,False,False,False,False,False,False,False,False,False
NOR2_X1,0.798,21.199545,1.714471,0.0136008,0.00397653,0.008788665,NOR,1.0,0.186315699157425,0.8572355,0.011013364661654134,26.565845864661654,3.0,2.1422209601483932,inf,0.00962427,-0.09799710864927001,-2.0560770893363833,1.326326539885836,1.3681478580000002,0.186315699157425,False,False,False,False,False,False,False,False,False,False,False,False,False,False,False,False,False,True,False,False,False,False,False,False,False,False,False,False,False
NOR2_X2,1.33,42.399074,3.293307,0.0125984,0.00379194,0.00819517,NOR,2.0,0.34746761927257996,1.6466535,0.006161781954887218,31.879003007518794,5.0,1.9975576433939979,inf,0.008806459999999999,0.12385164096708617,-2.0864420330273945,1.6273563716615584,4.38009831,0.34746761927257996,False,False,False,False,False,False,False,False,False,False,False,False,False,False,False,False,False,True,False,False,False,False,False,False,False,False,False,False,False
NOR2_X4,2.394,84.798143,6.773059,0.011913,0.00364637,0.007779685,NOR,4.0,0.6597028411249549,3.3865295,0.0032496595655806177,35.42111236424394,9.0,1.8962839373615965,inf,0.00826663,0.379124146070392,-2.109037987268782,1.9283863417179938,16.214703246,0.6597028411249549,False,False,False,False,False,False,False,False,False,False,False,False,False,False,False,False,False,True,False,False,False,False,False,False,False,False,False,False,False
NOR3_X1,1.064,26.831667,1.763571,0.0208929,0.00431446,0.012603679999999999,NOR,1.0,0.33817774473455997,0.8817855,0.011845563909774435,25.21773214285714,4.0,3.0721238630671555,inf,0.01657844,0.026941627959029855,-1.8995026318387234,1.4286476553932013,1.8764395440000001,0.33817774473455997,False,False,False,False,False,False,False,False,False,False,False,False,False,False,False,False,False,True,False,False,False,False,False,False,False,False,False,False,False
NOR3_X2,1.862,53.663264,3.365192,0.0205256,0.0043113,0.012418450000000001,NOR,2.0,0.6664145608208001,1.682596,0.006669414607948443,28.820227712137484,7.0,3.0269743905991207,inf,0.0162143,0.2699796766453241,-1.905932606933556,1.72967708455057,6.265987504,0.6664145608208001,False,False,False,False,False,False,False,False,False,False,False,False,False,False,False,False,False,True,False,False,False,False,False,False,False,False,False,False,False
NOR3_X4,3.724,107.325918,6.514946,0.0193625,0.00430392,0.01183321,NOR,4.0,1.27001012613678,3.257473,0.0031775537056928033,28.820063909774436,14.0,2.884323214940787,inf,0.015058580000000002,0.5710096723093051,-1.92689742813765,2.0307046118556866,24.261658904,1.27001012613678,False,False,False,False,False,False,False,False,False,False,False,False,False,False,False,False,False,True,False,False,False,False,False,False,False,False,False,False,False
NOR4_X1,1.33,32.601474,1.736804,0.0303105,0.00495584,0.01763317,NOR,1.0,0.5748673332925801,0.868402,0.013258022556390976,24.512386466165413,5.0,4.298052817789715,inf,0.02535466,0.12385164096708617,-1.7536696054686054,1.5132372361291249,2.3099493200000003,0.5748673332925801,False,False,False,False,False,False,False,False,False,False,False,False,False,False,False,False,False,True,False,False,False,False,False,False,False,False,False,False,False
NOR4_X2,2.394,65.202889,3.390672,0.0284218,0.00479248,0.01660714,NOR,2.0,1.0828335060274599,1.695336,0.0069369841269841265,27.235960317460314,9.0,4.047959888802087,inf,0.023629320000000002,0.379124146070392,-1.7797051531695758,1.8142668388141563,8.117268768,1.0828335060274599,False,False,False,False,False,False,False,False,False,False,False,False,False,False,False,False,False,True,False,False,False,False,False,False,False,False,False,False,False
NOR4_X4,4.788,130.405147,6.569444,0.0266753,0.00480479,0.015740045,NOR,4.0,2.052582882011615,3.284722,0.0032873945279866335,27.235828529657475,18.0,3.836607074302971,inf,0.02187051,0.6801541417343732,-1.8029940303489884,2.1152947330338203,31.454497872,2.052582882011615,False,False,False,False,False,False,False,False,False,False,False,False,False,False,False,False,False,True,False,False,False,False,False,False,False,False,False,False,False
OAI21_X1,1.064,22.619394,1.670716,0.012221,0.012066,0.0121435,OAI,1.0,0.274678611039,0.835358,0.011413063909774436,21.25882894736842,4.0,2.9599558328326334,inf,0.0001549999999999989,0.026941627959029855,-1.9156561228477136,1.354480965488575,1.7776418240000003,0.274678611039,False,False,False,False,False,False,False,False,False,False,False,False,False,False,False,False,False,False,True,False,False,False,False,False,False,False,False,False,False
OAI21_X2,1.862,45.238687,3.180718,0.011667,0.011559,0.011613,OAI,2.0,0.525356872131,1.590359,0.006236842105263158,24.29575026852846,7.0,2.8306474316865295,inf,0.00010800000000000046,0.2699796766453241,-1.935055573961345,1.6555099915467473,5.922496916000001,0.525356872131,False,False,False,False,False,False,False,False,False,False,False,False,False,False,False,False,False,False,True,False,False,False,False,False,False,False,False,False,False
OAI21_X4,3.458,90.477187,6.194658,0.011644,0.011562,0.011602999999999999,OAI,4.0,1.049806800761,3.097329,0.0033554077501445918,26.1646000578369,13.0,2.828209950043813,inf,8.200000000000048e-05,0.5388249889379039,-1.9354297077559368,1.9565390896034212,21.421127364000004,1.049806800761,False,False,False,False,False,False,False,False,False,False,False,False,False,False,False,False,False,False,True,False,False,False,False,False,False,False,False,False,False
OAI22_X1,1.33,34.026125,1.671043,0.017655,0.009675,0.013665,OAI,1.0,0.46496699812500003,0.8355215,0.010274436090225563,25.583552631578947,5.0,3.3308186647719307,inf,0.007980000000000001,0.12385164096708617,-1.8643903639712887,1.5318124931175505,2.2224871900000003,0.46496699812500003,False,False,False,False,False,False,False,False,False,False,False,False,False,False,False,False,False,False,True,False,False,False,False,False,False,False,False,False,False
OAI22_X2,2.394,68.052131,3.132973,0.017105,0.00948,0.013292499999999999,OAI,2.0,0.9045829513175,1.5664865,0.005552422723475354,28.426119883040936,9.0,3.240022473580745,inf,0.007624999999999998,0.379124146070392,-1.8763933310137513,1.8328417293490584,7.500337362,0.9045829513175,False,False,False,False,False,False,False,False,False,False,False,False,False,False,False,False,False,False,True,False,False,False,False,False,False,False,False,False,False
OAI22_X4,4.522,136.103946,6.448126,0.016774,0.009397,0.0130855,OAI,4.0,1.780988185383,3.224063,0.002893741707209199,30.09817470145953,17.0,3.1895666035765164,inf,0.007377,0.655330558009341,-1.8832096782138052,2.13387071668888,29.158425772,1.780988185383,False,False,False,False,False,False,False,False,False,False,False,False,False,False,False,False,False,False,True,False,False,False,False,False,False,False,False,False,False
OAI33_X1,1.862,48.313952,1.679872,0.027967,0.011005,0.019486,OAI,1.0,0.941445668672,0.839936,0.010465091299677765,25.947342642320084,7.0,4.749676728997134,inf,0.016961999999999998,0.2699796766453241,-1.7102773017861799,1.6840725634975742,3.127921664,0.941445668672,False,False,False,False,False,False,False,False,False,False,False,False,False,False,False,False,False,False,True,False,False,False,False,False,False,False,False,False,False
OAI211_X1,1.33,22.039133,1.614241,0.013582,0.019239,0.0164105,OAI,1.0,0.3616731920965,0.8071205,0.01233872180451128,16.57077669172932,5.0,4.000029249779712,inf,0.005656999999999999,0.12385164096708617,-1.784878186531715,1.3431945057549763,2.14694053,0.3616731920965,False,False,False,False,False,False,False,False,False,False,False,False,False,False,False,False,False,False,True,False,False,False,False,False,False,False,False,False,False
OAI211_X2,2.394,44.0782,3.331182,0.013346,0.018996,0.016170999999999998,OAI,2.0,0.7127885721999999,1.665591,0.006754803675856306,18.411946532999163,9.0,3.941651564436654,inf,0.005649999999999999,0.379124146070392,-1.7912631228855673,1.644223851133457,7.974849708000001,0.7127885721999999,False,False,False,False,False,False,False,False,False,False,False,False,False,False,False,False,False,False,True,False,False,False,False,False,False,False,False,False,False
OAI211_X4,4.522,88.156278,6.364038,0.013379,0.018967,0.016173,OAI,4.0,1.425751484094,3.182019,0.003576514816452897,19.49497523219814,17.0,3.9421390607651983,inf,0.005588000000000001,0.655330558009341,-1.7912094134516745,1.945253245775125,28.778179836,1.425751484094,False,False,False,False,False,False,False,False,False,False,False,False,False,False,False,False,False,False,True,False,False,False,False,False,False,False,False,False,False
OAI221_X1,1.596,33.937672,1.630225,0.013665,0.022958,0.0183115,OAI,1.0,0.621449680828,0.8151125,0.011473370927318295,21.26420551378446,6.0,4.463394510060096,inf,0.009293,0.20303288701471095,-1.73727607868897,1.530682047992564,2.6018391000000003,0.621449680828,False,False,False,False,False,False,False,False,False,False,False,False,False,False,False,False,False,False,True,False,False,False,False,False,False,False,False,False,False
OAI221_X2,2.926,67.875298,3.53638,0.013923,0.0233,0.0186115,OAI,2.0,1.263261108727,1.76819,0.006360731373889268,23.1972993848257,11.0,4.536518959341587,inf,0.009377000000000002,0.4662743217892922,-1.730218623351178,1.8317117493294486,10.34744788,1.263261108727,False,False,False,False,False,False,False,False,False,False,False,False,False,False,False,False,False,False,True,False,False,False,False,False,False,False,False,False,False
OAI221_X4,3.458,116.346072,1.643414,0.043691,0.061248,0.0524695,OAI,4.0,6.104620224804001,0.821707,0.015173366107576634,33.645480624638516,13.0,12.7893443052507,inf,0.017556999999999996,0.5388249889379039,-1.280093074324153,2.0657517255039566,5.682925612,6.104620224804001,False,False,False,False,False,False,False,False,False,False,False,False,False,False,False,False,False,False,True,False,False,False,False,False,False,False,False,False,False
OAI222_X1,2.128,43.177867,1.576587,0.021088,0.018688,0.019888,OAI,1.0,0.858721418896,0.7882935,0.009345864661654135,20.290351033834586,8.0,4.847663491034332,inf,0.0023999999999999994,0.3279716236230108,-1.7014088887024086,1.6352611842462315,3.354977136,0.858721418896,False,False,False,False,False,False,False,False,False,False,False,False,False,False,False,False,False,False,True,False,False,False,False,False,False,False,False,False,False
OAI222_X2,3.724,86.355577,3.228228,0.021376,0.018981,0.020178500000000002,OAI,2.0,1.7425260104945002,1.614114,0.005418501611170784,23.188930451127817,14.0,4.918472332755244,inf,0.002394999999999998,0.5710096723093051,-1.6951111208510798,1.9362903903355952,12.021921072000001,1.7425260104945002,False,False,False,False,False,False,False,False,False,False,False,False,False,False,False,False,False,False,True,False,False,False,False,False,False,False,False,False,False
OAI222_X4,3.724,127.97856,1.578915,0.064222,0.057393,0.0608075,OAI,4.0,7.7820562872000005,0.7894575,0.016328544575725027,34.365886143931256,14.0,14.821716498947616,inf,0.006829000000000002,0.5710096723093051,-1.2160428515211086,2.107137219229132,5.879879460000001,7.7820562872000005,False,False,False,False,False,False,False,False,False,False,False,False,False,False,False,False,False,False,True,False,False,False,False,False,False,False,False,False,False
OR2_X1,1.064,22.694975,0.946814,0.0157392,0.0383175,0.02702835,OR,1.0,0.61340772754125,0.473407,0.025402584586466163,21.32986372180451,4.0,6.588110695791321,inf,0.0225783,0.026941627959029855,-1.56818046587238,1.3559297086753417,1.007410096,0.61340772754125,False,False,False,False,False,False,False,False,False,False,False,False,False,False,False,False,False,False,False,True,False,False,False,False,False,False,False,False,False
OR2_X2,1.33,45.656022,1.74594,0.0147715,0.035559,0.02516525,OR,2.0,1.1489452076355,0.87297,0.01892124060150376,34.32783609022556,5.0,6.133983490936833,inf,0.0207875,0.12385164096708617,-1.5991987508189338,1.6594980688118912,2.3221002000000004,1.1489452076355,False,False,False,False,False,False,False,False,False,False,False,False,False,False,False,False,False,False,False,True,False,False,False,False,False,False,False,False,False
OR2_X4,2.394,91.312375,3.384966,0.0141539,0.0342047,0.0241793,OR,4.0,2.2078693088375,1.692483,0.010099958228905597,38.1421783625731,9.0,5.893659988373212,inf,0.020050799999999997,0.379124146070392,-1.6165562762848997,1.9605296387612205,8.103608604,2.2078693088375,False,False,False,False,False,False,False,False,False,False,False,False,False,False,False,False,False,False,False,True,False,False,False,False,False,False,False,False,False
OR3_X1,1.33,24.414625,0.959052,0.0167916,0.0585762,0.0376839,OR,1.0,0.9200382870375,0.479526,0.02833375939849624,18.35686090225564,5.0,9.18538144759597,inf,0.041784600000000005,0.12385164096708617,-1.4238441573432865,1.3876500580618196,1.2755391600000001,0.9200382870375,False,False,False,False,False,False,False,False,False,False,False,False,False,False,False,False,False,False,False,True,False,False,False,False,False,False,False,False,False
OR3_X2,1.596,49.162437,1.74797,0.0156354,0.0537277,0.034681550000000005,OR,2.0,1.7050295169373502,0.873985,0.02173029448621554,30.803531954887216,6.0,8.45356414659502,inf,0.0380923,0.20303288701471095,-1.4599015011207208,1.691633402884472,2.7897601200000004,1.7050295169373502,False,False,False,False,False,False,False,False,False,False,False,False,False,False,False,False,False,False,False,True,False,False,False,False,False,False,False,False,False
OR3_X4,2.926,98.32515,3.374939,0.0148342,0.0508008,0.0328175,OR,4.0,3.226785610125,1.6874695,0.011215823650034176,33.603947368421046,11.0,7.999205380984473,inf,0.0359666,0.4662743217892922,-1.4838945060848254,1.9926646176205343,9.875071514,3.226785610125,False,False,False,False,False,False,False,False,False,False,False,False,False,False,False,False,False,False,False,True,False,False,False,False,False,False,False,False,False
OR4_X1,1.596,26.73349,0.941245,0.0173842,0.0769601,0.04717215,OR,1.0,1.2610762003035,0.4706225,0.029556484962406017,16.750307017543857,6.0,11.498124967246339,inf,0.0595759,0.20303288701471095,-1.326314329142098,1.4270556586743315,1.50222702,1.2610762003035,False,False,False,False,False,False,False,False,False,False,False,False,False,False,False,False,False,False,False,True,False,False,False,False,False,False,False,False,False
OR4_X2,1.862,53.869509,1.723147,0.0161702,0.0700375,0.04310385,OR,2.0,2.32198323550965,0.8615735,0.023149221267454348,28.930993018259933,7.0,10.506484310540035,inf,0.05386730000000001,0.2699796766453241,-1.3654839372851801,1.7313430171356634,3.2084997140000002,2.32198323550965,False,False,False,False,False,False,False,False,False,False,False,False,False,False,False,False,False,False,False,True,False,False,False,False,False,False,False,False,False
OR4_X4,3.458,107.739253,3.348292,0.0156301,0.0676151,0.041622599999999996,OR,4.0,4.484387831917799,1.674146,0.012036610757663387,31.156521978021978,13.0,10.14543234221267,inf,0.051984999999999996,0.5388249889379039,-1.3806707946100867,2.0323739600803403,11.578393736,4.484387831917799,False,False,False,False,False,False,False,False,False,False,False,False,False,False,False,False,False,False,False,True,False,False,False,False,False,False,False,False,False
SDFFRS_X1,7.714,122.721721,1.143733,0.108745,0.097862,0.10330349999999999,SDFFRS,1.0,12.6775833053235,0.5718665,0.013391690432978998,15.908960461498573,29.0,25.180038487835134,inf,0.01088299999999999,0.8872796345300231,-0.9858849640085797,2.088921437018551,8.822756362000002,12.6775833053235,False,False,False,False,False,False,False,False,False,False,False,False,False,False,False,False,False,False,False,False,False,False,True,False,False,False,False,False,False
SDFFRS_X2,8.246,162.30086,1.123965,0.114319,0.107379,0.110849,SDFFRS,2.0,17.99088803014,0.5619825,0.013442760126121755,19.682374484598594,31.0,27.01924026134678,inf,0.006940000000000002,0.9162433304653398,-0.9552682204244629,2.210320821072473,9.268215390000002,17.99088803014,False,False,False,False,False,False,False,False,False,False,False,False,False,False,False,False,False,False,False,False,False,False,True,False,False,False,False,False,False
SDFFR_X1,6.65,105.258197,1.153532,0.065182,0.063286,0.064234,SDFFR,1.0,6.761155026098,0.576766,0.00965924812030075,15.828300300751879,25.0,15.656919583824383,inf,0.0018960000000000088,0.8228216453031046,-1.1922350326202154,2.022255926581342,7.670987800000001,6.761155026098,False,False,False,False,False,False,False,False,False,False,False,False,False,False,False,False,False,False,False,False,False,True,False,False,False,False,False,False,False
SDFFR_X2,6.916,141.961514,1.137331,0.075096,0.086281,0.0806885,SDFFR,2.0,11.454661622388999,0.5686655,0.011666931752458067,20.526534702139962,26.0,19.667673752832044,inf,0.011185,0.839854984601885,-1.0931883579970503,2.152170622391105,7.865781196000001,11.454661622388999,False,False,False,False,False,False,False,False,False,False,False,False,False,False,False,False,False,False,False,False,False,True,False,False,False,False,False,False,False
SDFFS_X1,6.65,107.724855,1.149948,0.063156,0.061256,0.062206,SDFFS,1.0,6.70113233013,0.574974,0.009354285714285713,16.199226315789474,25.0,15.1625983066815,inf,0.0019000000000000059,0.8228216453031046,-1.2061677239712414,2.032315918190972,7.6471542,6.70113233013,False,False,False,False,False,False,False,False,False,False,False,False,False,False,False,False,False,False,False,False,False,False,False,True,False,False,False,False,False
SDFFS_X2,7.182,140.592991,1.119363,0.072099,0.084973,0.078536,SDFFS,2.0,11.041611141176,0.5596815,0.010935115566694513,19.57574366471735,27.0,19.143005829237346,inf,0.01287400000000001,0.8562454007900544,-1.1049312220134673,2.147963670286237,8.039265066,11.041611141176,False,False,False,False,False,False,False,False,False,False,False,False,False,False,False,False,False,False,False,False,False,False,False,True,False,False,False,False,False
SDFF_X1,6.118,100.684799,1.119679,0.055306,0.057953,0.0566295,SDFF,1.0,5.7017298249705,0.5598395,0.009256211180124223,16.45714269369075,23.0,13.803336668620712,inf,0.0026469999999999966,0.78660947264866,-1.246957272881667,2.0029639074081897,6.850196122000001,5.7017298249705,False,False,False,False,False,False,False,False,False,False,False,False,False,False,False,False,False,False,False,False,True,False,False,False,False,False,False,False,False
SDFF_X2,6.384,136.676074,1.126603,0.066375,0.08216,0.0742675,SDFF,2.0,10.150590325795,0.5633015,0.011633380325814536,21.409159461152882,24.0,18.10256679004386,inf,0.015784999999999993,0.8050928783426731,-1.1292011951025551,2.135692495261169,7.192233552,10.150590325795,False,False,False,False,False,False,False,False,False,False,False,False,False,False,False,False,False,False,False,False,True,False,False,False,False,False,False,False,False
TBUF_X1,2.128,32.749437,1.879368,0.0189452,0.0303968,0.024671,TBUF,1.0,0.8079613602269999,0.939684,0.011593515037593984,15.389773026315789,8.0,6.013510960745576,inf,0.011451600000000003,0.3279716236230108,-1.6078132467129191,1.51520383837681,3.999295104,0.8079613602269999,False,False,False,False,False,False,False,False,False,False,False,False,False,False,False,False,False,False,False,False,False,False,False,False,True,False,False,False,False
TBUF_X2,2.394,58.901131,3.325056,0.0170396,0.0264832,0.0217614,TBUF,2.0,1.2817710721434,1.662528,0.009089974937343358,24.603647034252297,9.0,5.304301301980819,inf,0.0094436,0.379124146070392,-1.6623131681320966,1.7701236340458995,7.960184064000001,1.2817710721434,False,False,False,False,False,False,False,False,False,False,False,False,False,False,False,False,False,False,False,False,False,False,False,False,True,False,False,False,False
TBUF_X4,2.926,72.121528,3.380143,0.0193812,0.0261475,0.022764350000000003,TBUF,4.0,1.6417997059268001,1.6900715,0.007780023923444976,24.648505809979493,11.0,5.548768523337059,inf,0.006766299999999999,0.4662743217892922,-1.6427447457705928,1.858064919311299,9.890298418,1.6417997059268001,False,False,False,False,False,False,False,False,False,False,False,False,False,False,False,False,False,False,False,False,False,False,False,False,True,False,False,False,False
TBUF_X8,4.788,144.426508,6.71967,0.0198422,0.026186,0.023014100000000003,TBUF,8.0,3.3238460977628006,3.359835,0.004806620718462824,30.16426649958229,18.0,5.6096446273639,inf,0.0063438,0.6801541417343732,-1.6380060041580518,2.1596469108346006,32.17377996,3.3238460977628006,False,False,False,False,False,False,False,False,False,False,False,False,False,False,False,False,False,False,False,False,False,False,False,False,True,False,False,False,False
TBUF_X16,6.916,197.273423,6.520519,0.0263636,0.0358585,0.03111105,TBUF,16.0,6.137383326624151,3.2602595,0.004498416714864084,28.524208068247543,26.0,7.583261326063138,inf,0.0094949,0.839854984601885,-1.507085331176376,2.2950685803261615,45.095909404000004,6.137383326624151,False,False,False,False,False,False,False,False,False,False,False,False,False,False,False,False,False,False,False,False,False,False,False,False,True,False,False,False,False
TINV_X1,1.064,17.885841,1.752043,0.061777,0.113864,0.0878205,TINV,1.0,1.5707434995404999,0.8760215,0.08253806390977443,16.810000939849623,4.0,21.406085660417364,inf,0.05208700000000001,0.026941627959029855,-1.0564040945987088,1.2525093656799693,1.8641737520000001,1.5707434995404999,False,False,False,False,False,False,False,False,False,False,False,False,False,False,False,False,False,False,False,False,False,False,False,False,False,True,False,False,False
TLAT_X1,3.458,47.99611,1.139798,0.0414302,0.0499475,0.04568885,TLAT,1.0,2.1928870703735,0.569899,0.013212507229612492,13.879731058415269,13.0,11.13657331518222,inf,0.008517299999999998,0.5388249889379039,-1.3401897731095216,1.6812060400007034,3.9414214840000006,2.1928870703735,False,False,False,False,False,False,False,False,False,False,False,False,False,False,False,False,False,False,False,False,False,False,False,False,False,False,True,False,False
XNOR2_X1,1.596,36.441009,2.232754,0.017545,0.007684,0.0126145,XNOR,1.0,0.45968510803050006,1.116377,0.007903822055137845,22.832712406015037,6.0,3.0747612182045754,inf,0.009861000000000002,0.20303288701471095,-1.8991299589033614,1.5615903934674142,3.563475384,0.45968510803050006,False,False,False,False,False,False,False,False,False,False,False,False,False,False,False,False,False,False,False,False,False,False,False,False,False,False,False,True,False
XNOR2_X2,2.66,73.102975,4.003783,0.016537,0.007382,0.0119595,XNOR,2.0,0.8742750295125,2.0018915,0.004496052631578947,27.482321428571428,10.0,2.915106170606652,inf,0.009155,0.42488163663106715,-1.9222869768509252,1.8639350513736355,10.65006278,0.8742750295125,False,False,False,False,False,False,False,False,False,False,False,False,False,False,False,False,False,False,False,False,False,False,False,False,False,False,False,True,False
XOR2_X1,1.596,36.163718,2.232144,0.037026,0.044789,0.0409075,XOR,1.0,1.479367294085,1.116072,0.0256312656641604,22.658971177944863,6.0,9.971128029942022,inf,0.007762999999999999,0.20303288701471095,-1.3881970609411327,1.5582730740123047,3.562501824,1.479367294085,False,False,False,False,False,False,False,False,False,False,False,False,False,False,False,False,False,False,False,False,False,False,False,False,False,False,False,False,True
XOR2_X2,2.394,72.593483,4.330455,0.037178,0.045569,0.0413735,XOR,2.0,3.0034464689005005,2.1652275,0.01728216374269006,30.323092314118632,9.0,10.084714674492606,inf,0.008390999999999996,0.379124146070392,-1.3832777383166797,1.8608976341411658,10.36710927,3.0034464689005005,False,False,False,False,False,False,False,False,False,False,False,False,False,False,False,False,False,False,False,False,False,False,False,False,False,False,False,False,True
